Month,Day,X,Y,nome
5,10,-25.75328, -53.06003,Reginaldo
7,1,-25.75332, -53.06226,Totó 
1,11,-25.75316, -53.05777,Tom
1,10,-25.74445, -53.06638,Devil
2,3,-25.74773, -53.08245,Jorginho 
5,3,-25.75695, -53.06719,Paçoca
1,6,-25.75669, -53.06851,Gil
1,7,-25.75468, -53.06596,Magrelo
7,3,-25.75704, -53.06457,Princesa
5,8,-25.75422, -53.06204,Mimosa
